{"cameraMode":{"drawMode":0,"name":"Shaded","section":"Shading Mode"},"sceneLighting":true,"audioPlay":false,"sceneViewState":{"showFog":true,"showMaterialUpdate":false,"showSkybox":true,"showFlares":true,"showImageEffects":true,"showParticleSystems":true},"in2DMode":false,"pivot":{"x":0.8862748742103577,"y":-1.7104486227035523,"z":-2.4226901531219484},"rotation":{"x":-0.10875542461872101,"y":0.873270571231842,"z":-0.2279282510280609,"w":-0.4166788160800934},"size":10.0,"orthographic":false}