{"cameraMode":{"drawMode":0,"name":"Shaded","section":"Shading Mode"},"sceneLighting":false,"audioPlay":false,"sceneViewState":{"showFog":true,"showMaterialUpdate":false,"showSkybox":true,"showFlares":true,"showImageEffects":true,"showParticleSystems":true},"in2DMode":false,"pivot":{"x":-6.634686470031738,"y":8.35443115234375,"z":-3.4692513942718508},"rotation":{"x":0.18926650285720826,"y":0.6653507351875305,"z":-0.18007726967334748,"w":0.6993458271026611},"size":4.993433475494385,"orthographic":false}